,n_factors,valid_loss
0,mean,0.0613301152492801
1,1,0.0421532168984413
2,3,0.0362335704267025
3,5,0.0327865667641162
4,2,0.0368893072009086
5,4,0.033072579652071
