,n_factors,valid_loss
0,mean,0.0265360910156368
1,2,0.0035675878170877
2,4,0.0035445173271
3,3,0.003549825400114
4,5,0.0035569975152611
5,1,0.0036151877138763
