,n_factors,valid_loss
0,mean,0.0045574492826778
1,1,0.0036011699121445
2,4,0.0035915623884648
3,2,0.0035971063189208
4,5,0.0035820347256958
5,3,0.0035716330166906
